Unnamed: 0,ID radar,range,bearbing,timestamp,h?p nh?t,length,lat ,lon,lat_new,lon_new,length
Radar,1000,1999.64,1.14153,61749261,0,0.0,,,20.71357626,106.7969611,97
Radar,1001,16324.8,1.16349,61869300,0,0.0,,,20.76419257,106.9234486,95
Radar,1002,11456.0,1.17222,62319400,0,0.0,,,20.74604026,106.8808932,72
Radar,1003,17654.5,1.19757,62319442,1,17.0,,,20.76392619,106.9373717,9957419677
Radar,1004,16374.3,1.1793,62319419,1,20.0,,,20.76222625,106.9248518,99574187940
Radar,1005,17411.8,1.20086,62319447,1,2.0,,,20.76265176,106.9354011,7
Radar,1006,16161.4,1.21412,61889416,0,0.0,,,20.75679117,106.9249367,72
Radar,1007,16801.5,1.26773,62319548,1,40.0,,,20.75114471,106.9334986,99574187865
Radar,1008,16643.2,1.22408,61699419,0,0.0,,,20.75690443,106.9298208,55
Radar,1009,17231.9,1.33319,61719513,0,0.0,,,20.74253542,106.9403359,25
Radar,1010,18135.9,1.27919,62319577,1,17.0,,,20.75293714,106.9463141,2
Radar,1011,17892.1,1.28701,62319577,1,12.0,,,20.75110228,106.9444529,7
Radar,1012,16947.2,1.2955,62319604,1,22.0,,,20.74748334,106.9361228,82
Radar,1013,17124.1,1.31337,61839518,0,0.0,,,20.74526338,106.9385312,85
Radar,1014,17164.6,1.32529,62189612,0,0.0,,,20.74357586,106.9393963,75
Radar,1015,17274.0,1.34202,61879598,0,0.0,,,20.74129134,106.9410674,99574187545
Radar,1016,18757.0,1.36057,62319694,1,17.0,,,20.741262,106.9556657,7
Radar,1017,18517.0,1.36816,62319709,1,99574196817.0,,,20.73957638,106.9536883,9957419687
Radar,1018,16983.9,1.29702,61669489,0,0.0,,,20.74734974,106.9365292,99574187435
Radar,1019,17688.3,1.39138,62319748,0,0.0,,,20.73445583,106.9466417,90
Radar,1020,17845.5,1.40847,62319780,0,0.0,,,20.7320081,106.9486251,87
Radar,1021,14198.2,1.39515,62319748,1,57401202320.0,,,20.72838762,106.9137535,57401202365
Radar,1022,17999.9,1.42537,62319799,1,20.0,,,20.72953193,106.9505361,47
Radar,1023,14561.9,1.44501,62319829,1,17.0,,,20.7225109,106.9182394,22
Radar,1024,18363.4,1.46218,62319872,1,25.0,,,20.72398219,106.9548124,92
Radar,1025,19456.8,1.42735,62319799,1,57401203420.0,,,20.73108603,106.9644329,57401203460
Radar,1026,18556.9,1.48035,62319879,0,0.0,,,20.72115674,106.9569815,92
Radar,1027,18742.3,1.49637,62319914,1,17.0,,,20.71861916,106.9589921,99574186760
Radar,1028,20292.6,1.50475,61779823,0,0.0,,,20.71813088,106.9739537,75
Radar,1029,20082.6,1.51489,61859837,0,0.0,,,20.71618049,106.9720606,92
Radar,1030,24911.0,1.54176,62319984,1,222.0,,,20.71259679,107.0186303,255
Radar,1031,18872.8,1.39722,62319767,1,67.0,,,20.73537997,106.9580202,90
Radar,1032,70309.9,1.54986,62319995,1,40.0,,,20.71932245,107.4545684,65
Radar,1033,25852.9,1.55888,62320010,1,50.0,,,20.70886738,107.0277589,62
Radar,1034,40032.0,1.55984,62320024,1,35115700055.0,,,20.71003995,107.1639215,97
Radar,1035,30037.4,1.56199,62320024,1,35.0,,,20.70847617,107.0679509,37
Radar,1036,19571.7,1.45756,62319858,1,35751000060.0,,,20.7259661,106.9662518,85
Radar,1037,25200.9,1.57015,62320024,1,190.0,,,20.70624632,107.0215151,217
Radar,1038,38167.6,1.58964,62320063,1,17.0,,,20.69963957,107.1459749,57438300032
Radar,1039,30218.5,1.61235,62320092,1,2.0,,,20.69482325,107.0694508,7
Radar,1040,29998.1,1.60558,62320077,1,35.0,,,20.69672852,107.0674105,92
Radar,1041,23209.4,1.61621,62320101,1,160.0,,,20.69663484,107.0021601,160
Radar,1042,30514.2,1.61941,61880026,0,5742010640.0,,,20.69277963,107.0721948,5742010640
Radar,1043,27729.1,1.6207,62320102,0,0.0,,,20.69367447,107.045463,97
Radar,1044,21207.5,1.60214,61859992,0,0.0,,,20.70012972,106.9830648,75
Radar,1045,21950.4,1.63647,62320132,1,99574197217.0,,,20.69315958,106.9898447,9957419732
Radar,1046,26003.2,1.64655,62320163,0,0.0,,,20.68842165,107.0285038,85
Radar,1047,21127.8,1.59606,62320077,1,57400336025.0,,,20.70130563,106.9823346,95
Radar,1048,21141.5,1.59484,62140061,0,0.0,,,20.70153415,106.9824723,56315840097
Radar,1049,36190.8,1.72433,62320268,0,5745650120.0,,,20.65638115,107.1229675,5745650122
Radar,1050,37614.5,1.72308,62320278,1,20.0,,,20.65484272,107.1365479,42
Radar,1051,24335.8,1.72902,62320286,0,0.0,,,20.67165467,107.0102879,37
Radar,1052,37199.7,1.73392,62320306,1,125.0,,,20.65183054,107.1320023,95
Radar,1053,19316.7,1.8342,62320458,1,57400286022.0,,,20.66091983,106.9586084,57400286055
Radar,1054,57875.7,1.6878,62320220,1,35308900050.0,,,20.64540804,107.3315052,50
Radar,1055,57041.1,1.75582,62320328,1,100.0,,,20.61183266,107.3179406,97
Radar,1056,45048.3,1.77393,62320358,1,17.0,,,20.62446126,107.2032233,2
Radar,1057,45690.8,1.77788,62320346,1,2.0,,,20.62170962,107.2089136,42
Radar,1058,53967.0,1.77291,62320358,1,107.0,,,20.60878273,107.2872188,97
Radar,1059,45421.6,1.79015,62320376,1,2.0,,,20.61731374,107.2052511,2
Radar,1060,40083.1,1.78387,62320376,1,20.0,,,20.62995757,107.1557302,90
Radar,1061,26378.8,1.75648,62320335,1,57401307420.0,,,20.66235212,107.0284724,57401307472
Radar,1062,38788.3,1.82876,61680345,0,0.0,,,20.61720882,107.1396753,2
Radar,1063,39672.9,1.82953,62320458,1,127.0,,,20.61491627,107.1478145,95
Radar,1064,56697.6,1.925,61840497,0,0.0,,,20.52944532,107.2901911,55
Radar,1065,49594.3,1.87421,62320511,1,53800755880.0,,,20.57299032,107.2340202,90
Radar,1066,6134.69,1.97096,62320676,0,0.0,,,20.68463139,106.8337597,65
Radar,1067,72344.5,1.96725,62320659,1,77.0,,,20.45514964,107.4203676,92
Radar,1068,22925.7,1.97681,62320678,1,57456586817.0,,,20.62476232,106.9817665,57456586840
Radar,1069,27186.2,2.00303,62320724,1,17.0,,,20.60379761,107.0165698,5642472
Radar,1070,21192.4,2.02344,61710617,0,0.0,,,20.62284111,106.9625241,17
Radar,1071,5450.54,1.99631,62320704,1,17.0,,,20.68588871,106.8271762,25
Radar,1072,5130.22,2.03359,62320775,0,0.0,,,20.68552522,106.8235852,85
Radar,1073,5049.71,2.10601,62320933,1,20.0,,,20.6829642,106.8212131,75
Radar,1074,11553.7,2.19395,62321034,1,57401444217.0,,,20.64552933,106.8696003,57401444295
Radar,1075,50430.3,2.20596,62321046,1,35200358717.0,,,20.43731843,107.1693524,35200358732
Radar,1076,23782.6,2.15983,62320975,1,50.0,,,20.58740966,106.9694051,75
Radar,1077,4875.08,2.15919,62320976,1,92.0,,,20.68179355,106.8184444,92
Radar,1078,22970.5,2.19183,62321034,1,57401242417.0,,,20.58603186,106.9589055,57401242432
Radar,1079,13354.7,2.17594,62320990,1,55.0,,,20.63785328,106.8849762,90
Radar,1080,5303.31,2.41599,62041269,0,0.0,,,20.67046036,106.8132964,97
Radar,1081,28029.7,2.09664,62320915,1,57449100045.0,,,20.57971383,107.0123151,60
Radar,1082,35737.8,2.2636,62321128,1,17.0,,,20.50105485,107.0435824,5745617292
Radar,1083,21153.8,2.26464,62321140,1,31226100030.0,,,20.58457836,106.9356797,35
Radar,1084,22566.8,2.20116,62321034,1,57401448522.0,,,20.58660896,106.9545683,57401448540
Radar,1085,23949.7,2.32,62311224,1,35381000025.0,,,20.55957571,106.9479127,35381000032
Radar,1086,12502.4,2.35297,62311284,1,57439500027.0,,,20.626941,106.8646728,57439500045
Radar,1087,3924.97,2.36714,62311301,1,17.0,,,20.68089713,106.8058598,72
Radar,1088,4506.8,2.39005,62311360,0,0.0,,,20.67652012,106.8090507,242
Radar,1089,5743.47,2.41697,62311412,1,177.0,,,20.66746884,106.816061,5740000030
Radar,1090,3495.86,2.4182,62311422,1,97.0,,,20.68256091,106.8017225,97
Radar,1091,4194.08,2.48058,62311465,1,275.0,,,20.67635975,106.8042271,305
Radar,1092,33113.3,2.5297,62311555,1,17.0,,,20.46261007,106.9621656,25
Radar,1093,18480.4,2.55244,62311594,1,40.0,,,20.56807608,106.8781153,57400060035
Radar,1094,4432.55,2.60738,61801556,0,0.0,,,20.67182977,106.8011739,90
Radar,1095,22849.7,2.47084,62311465,1,57401476427.0,,,20.54530764,106.9158958,57401476440
Radar,1096,28453.6,2.6024,61801556,0,0.0,,,20.48676203,106.9197995,97
Radar,1097,25627.5,2.6552,62311754,1,35778700095.0,,,20.50258449,106.8945426,97
Radar,1098,45102.7,2.68131,62311790,1,2.0,,,20.3431039,106.9719017,2
Radar,1099,21521.4,2.65787,62311759,1,57.0,,,20.53495156,106.875622,82
Radar,1100,3683.06,2.58613,61671614,0,0.0,,,20.67798882,106.7981519,225
Radar,1101,42107.8,2.73884,62311891,1,2.0,,,20.35810711,106.9379974,5745662022
Radar,1102,17847.7,2.74779,61661781,0,0.0,,,20.55804415,106.8452663,10
Radar,1103,18670.5,2.67185,62311790,1,57400342075.0,,,20.55654735,106.8606618,80
Radar,1104,31017.4,2.78284,62311952,1,57401411662.0,,,20.44520624,106.8840853,80
Radar,1105,91509.0,2.78842,61701869,0,0.0,,,19.93480039,107.0834563,42
Radar,1106,38537.1,2.8347,62312045,1,5745654322.0,,,20.37609167,106.8913029,5745654322
Radar,1107,29686.9,2.83392,61691902,0,0.0,,,20.45194233,106.8658389,2
Radar,1108,28662.4,2.94607,62312224,1,57421231217.0,,,20.45352837,106.8329768,5742123122
Radar,1109,46060.9,2.96524,62312260,1,5745653822.0,,,20.29874731,106.8571046,5745653822
Radar,1110,37669.7,3.00617,62312330,1,57422525217.0,,,20.37080706,106.8283407,5742252522
Radar,1111,88133.3,3.01313,62312330,1,17.0,,,19.92091241,106.8879297,22
Radar,1112,27786.1,3.11154,61662337,0,0.0,,,20.45660707,106.7875181,37
Radar,1113,2133.97,3.12973,62012456,0,0.0,,,20.68693166,106.7797431,47
Radar,1114,2257.11,3.16936,61982507,0,0.0,,,20.68583194,106.7788982,60
Radar,1115,2413.64,3.19056,61772487,0,0.0,,,20.68444399,106.7783654,72
Radar,1116,34093.7,3.2394,61672559,0,0.0,,,20.40129624,106.7475273,2
Radar,1117,25049.4,3.25814,61692597,0,0.0,,,20.48260498,106.7515268,17
Radar,1118,45395.2,3.27644,62312749,1,57400394022.0,,,20.30201182,106.7208913,57400394032
Radar,1119,47769.6,3.30163,62312801,1,25.0,,,20.28246392,106.7063955,32
Radar,1120,54568.3,3.32428,62312822,1,20.0,,,20.22406415,106.6842956,57401304575
Radar,1121,27518.9,3.33161,62312830,1,37136800090.0,,,20.46334411,106.7295846,37136800095
Radar,1122,1891.72,3.31829,61932762,0,0.0,,,20.68937106,106.7763066,47
Radar,1123,4239.91,3.50979,61903017,0,0.0,,,20.67056513,106.7648443,27
Radar,1124,25747.9,3.36201,62312883,1,20.0,,,20.48039965,106.725438,35
Radar,1125,24990.9,3.36694,62312897,1,20.0,,,20.48727999,106.7258736,32
Radar,1126,61512.1,3.37228,62312897,1,57401276817.0,,,20.16816781,106.6444321,57401276842
Radar,1127,10197.1,3.38119,62312914,1,70.0,,,20.61711504,106.7562608,80
Radar,1128,2692.82,3.37641,62012851,0,0.0,,,20.68257394,106.7734832,90
Radar,1129,2876.51,3.42684,61922916,0,0.0,,,20.68130413,106.7717266,32
Radar,1130,2037.66,3.45756,62042973,0,0.0,,,20.68870162,106.7734194,32
Radar,1131,7596.51,3.47317,61932976,0,0.0,,,20.64157675,106.7557514,92
Radar,1132,1862.7,3.47123,62032996,0,0.0,,,20.69026806,106.7737096,185
Radar,1133,50338.9,3.49298,62313095,1,2.0,,,20.28153122,106.6131044,2
Radar,1134,55493.0,3.4889,62313096,1,20.0,,,20.2373643,106.5981104,52
Radar,1135,16837.6,1.27318,61789455,0,9957418780.0,,,20.75045406,106.9340902,9957418780
Radar,1136,18680.1,1.49401,62219877,0,0.0,,,20.7189725,106.9583645,77
Radar,1137,19501.8,1.43546,62219798,0,5380058970.0,,,20.72973684,106.9650717,5380058970
Radar,1138,24222.4,1.55464,62320010,1,17.0,,,20.70961534,107.0120878,47
Radar,1139,30845.1,1.57797,62320044,1,2.0,,,20.7041123,107.0757112,40
Radar,1140,36316.7,1.61,61679961,0,0.0,,,20.69331359,107.127997,2
Radar,1141,23234.8,1.6816,62320206,1,17.0,,,20.68302026,107.0012655,62
Radar,1142,31986.5,1.74013,62320306,1,30.0,,,20.65767614,107.0822867,30
Radar,1143,26122.6,1.80025,62320397,1,17.0,,,20.65272712,107.0237916,20
Radar,1144,37886.0,1.83795,62320458,1,70.0,,,20.61625615,107.130429,95
Radar,1145,24631.6,2.06694,61680722,0,0.0,,,20.60076788,106.9875261,2
Radar,1146,10438.3,2.26808,62311135,1,41337643027.0,,,20.64588776,106.8563456,57
Radar,1147,30044.4,2.33214,62311246,1,17.0,,,20.51990278,106.9883692,57419783617
Radar,1148,23054.3,2.32109,61671142,0,0.0,,,20.56488856,106.9414519,17
Radar,1149,29001.8,2.39071,61671208,0,0.0,,,20.51563255,106.9695277,17
Radar,1150,48031.9,2.74487,62311908,1,5745672192.0,,,20.30813582,106.9577341,5745672192
Radar,1151,47581.4,2.75148,62311908,0,0.0,,,20.31078532,106.9532727,2
Radar,1152,29268.7,2.79498,61671831,0,0.0,,,20.45881239,106.8749868,17
Radar,1153,19603.5,2.78436,61751861,0,0.0,,,20.54111712,106.8453316,40
Radar,1154,25416.3,2.81054,61691895,0,0.0,,,20.49018001,106.8588367,2
Radar,1155,28406.8,2.96829,61732165,0,0.0,,,20.454741,106.8265411,45
Radar,1156,25111.7,3.07599,61672320,0,0.0,,,20.48100404,106.7953093,2
Radar,1157,27235.5,3.18015,61672469,0,0.0,,,20.4616223,106.7694177,17
Radar,1158,36035.4,3.22478,61732511,0,0.0,,,20.38350939,106.7507451,2
Radar,1159,2457.49,3.3711,61672781,0,0.0,,,20.68460295,106.774131,22
Radar,1160,9842.5,3.41109,62312962,0,0.0,,,20.62087512,106.7543339,70
Radar,1161,41250.7,3.4926,62223072,0,5745608790.0,,,20.35813455,106.6432868,5745608792
Radar,1162,2753.82,3.39872,61702884,0,0.0,,,20.6821754,106.7727747,70
Radar,1163,7966.93,3.47774,62123036,0,0.0,,,20.63853765,106.754263,80
Radar,1164,12208.8,1.28474,62319577,1,27.0,,,20.73704655,106.891982,65
Radar,1165,13402.7,1.35789,62319694,0,0.0,,,20.73154027,106.9053057,72
Radar,1166,18047.6,1.49554,61729744,0,0.0,,,20.71828931,106.9523283,75
Radar,1167,18434.9,1.4662,61779763,0,0.0,,,20.72338987,106.9555708,80
Radar,1168,21191.2,1.57089,61869942,0,0.0,,,20.70608217,106.9830082,65
Radar,1169,22175.1,1.63076,61720007,0,0.0,,,20.69416231,106.9920743,17
Radar,1170,20295.5,1.68296,61680079,0,0.0,,,20.68569354,106.9731817,157
Radar,1171,23043.7,1.68893,62320220,1,2.0,,,20.68170268,106.9992562,45
Radar,1172,38847.7,1.76944,62320346,1,57412629117.0,,,20.63723367,107.1452349,57412629135
Radar,1173,37969.4,1.80119,62320409,1,55.0,,,20.62820993,107.1345016,82
Radar,1174,20941.5,1.94636,61680497,0,0.0,,,20.63709821,106.9665931,2
Radar,1175,67719.7,2.15017,62320956,1,2.0,,,20.37303738,107.3237095,65
Radar,1176,17392.9,2.24783,61680998,0,0.0,,,20.6082167,106.9096901,17
Radar,1177,25220.7,2.33806,61771161,0,0.0,,,20.548829,106.9538425,2
Radar,1178,5351.65,2.39256,61681206,0,0.0,,,20.67089276,106.8144959,12
Radar,1179,24716.3,2.46101,62311457,0,0.0,,,20.53353746,106.9288586,57411202330
Radar,1180,16617.1,2.64765,61681598,0,0.0,,,20.57466929,106.8551576,20
Radar,1181,26383.0,2.7753,61681812,0,0.0,,,20.48482087,106.8702452,17
Radar,1182,43694.6,2.91937,62312173,1,17.0,,,20.32323844,106.8719831,2
Radar,1183,28767.8,2.90177,61742040,0,0.0,,,20.45507171,106.8451224,2
Radar,1184,25598.0,2.9619,61682110,0,0.0,,,20.4798528,106.8234363,17
Radar,1185,29456.3,2.98238,61692155,0,0.0,,,20.44483743,106.8243483,17
Radar,1186,32058.1,3.13146,61712379,0,0.0,,,20.41813329,106.7826195,2
Radar,1187,1620.17,3.39155,62072888,0,0.0,,,20.69199813,106.7756512,32
Radar,1188,1919.04,3.42471,62082941,0,0.0,,,20.68954734,106.7743518,27
Radar,1189,6889.98,3.46657,61692970,0,0.0,,,20.64744617,106.7583736,95
Radar,1190,19241.0,1.44325,62169800,0,0.0,,,20.7280859,106.9627787,97
Radar,1191,29139.6,2.29484,61691041,0,0.0,,,20.53270228,106.9891376,2
Radar,1192,36298.8,2.29629,61691063,0,0.0,,,20.48974687,107.0403076,2
Radar,1193,28453.8,2.31916,61691085,0,0.0,,,20.5321769,106.9797415,2
Radar,1194,25924.1,2.35735,61721169,0,0.0,,,20.54123945,106.955338,17
Radar,1195,20177.5,2.56851,61701533,0,0.0,,,20.55380202,106.8845687,17
Radar,1196,27899.0,2.65014,61691639,0,0.0,,,20.48514146,106.9059363,2
Radar,1197,19486.4,2.74782,61721782,0,0.0,,,20.54444828,106.8512995,47
Radar,1198,24778.3,3.00859,61722234,0,0.0,,,20.4854796,106.8110556,27
Radar,1199,28647.0,3.07914,61702292,0,0.0,,,20.44926249,106.7966702,17
Radar,1200,2146.52,3.0555,62172369,0,0.0,,,20.68688899,106.7812725,72
Radar,1201,2343.74,3.12947,61942477,0,0.0,,,20.68504747,106.7797728,97
Radar,1202,2112.49,3.19322,62062569,0,0.0,,,20.68714855,106.7784531,97
Radar,1203,20219.3,3.24269,61692548,0,0.0,,,20.52539518,106.7599029,17
Radar,1204,64794.3,3.45531,62313024,1,17.0,,,20.1524539,106.5874764,2
Radar,1205,2895.12,3.41306,61712903,0,0.0,,,20.68104524,106.7720447,35
Radar,1206,11274.4,1.18229,62319419,1,17.0,,,20.74446522,106.879704,80
Radar,1207,15760.9,1.11073,61739219,0,0.0,,,20.76896344,106.9151209,30
Radar,1208,17338.2,1.34848,62319674,1,20.0,,,20.74044146,106.9419084,99574187522
Radar,1209,13257.5,1.36869,62199692,0,0.0,,,20.73000604,106.9042261,75
Radar,1210,18479.4,1.49895,61679842,0,0.0,,,20.71801641,106.9565078,20
Radar,1211,27004.9,1.57977,61789941,0,0.0,,,20.70392312,107.0388293,57456123460
Radar,1212,22542.6,1.64208,61730048,0,0.0,,,20.69167709,106.9954365,25
Radar,1213,38913.3,1.82609,62320443,1,67.0,,,20.61782512,107.1410893,90
Radar,1214,29258.4,1.91094,62320551,1,63602180720.0,,,20.6184135,107.0443827,72
Radar,1215,41928.3,1.95404,61870541,0,0.0,,,20.56526023,107.1529456,2
Radar,1216,25161.3,1.8201,62320424,1,3533680002.0,,,20.65033259,107.0136646,35336800090
Radar,1217,31542.8,2.02745,61700695,0,0.0,,,20.58115653,107.0513799,2
Radar,1218,13312.3,2.25191,62321121,1,57456016420.0,,,20.63080172,106.8788182,94105018077
Radar,1219,5813.22,2.27617,61741103,0,0.0,,,20.67224429,106.8220049,65
Radar,1220,30983.6,2.42732,61701292,0,0.0,,,20.49580288,106.9744148,2
Radar,1221,28261.4,2.65935,61721670,0,5741039280.0,,,20.48117737,106.9053694,5741039280
Radar,1222,33146.0,2.73384,61701780,0,0.0,,,20.43275736,106.9057271,17
Radar,1223,24362.7,2.73334,61701780,0,0.0,,,20.50523336,106.8723858,20
Radar,1224,18890.9,2.85678,61731959,0,0.0,,,20.54323738,106.8304743,67
Radar,1225,32692.1,3.01008,61732204,0,0.0,,,20.41495921,106.8206703,2
Radar,1226,2053.23,3.10811,61982411,0,0.0,,,20.68766594,106.7801601,87
Radar,1227,25700.2,3.3001,61702649,0,0.0,,,20.47812639,106.7405424,17
Radar,1228,1598.16,3.28933,61812731,0,0.0,,,20.69189994,106.7772408,97
Radar,1229,2582.81,3.34692,61702739,0,0.0,,,20.6833857,106.7744428,35
Radar,1230,38441.6,1.80225,61750285,0,0.0,,,20.62688493,107.138827,2
Radar,1231,5591.37,1.97846,62320678,0,0.0,,,20.68618637,106.8287959,27
Radar,1232,33743.6,2.14381,61710844,0,0.0,,,20.54175703,107.0517935,2
Radar,1233,4639.75,2.35193,61791173,0,0.0,,,20.67675417,106.811141,72
Radar,1234,5905.16,2.28588,62151154,0,0.0,,,20.6713183,106.8223181,92
Radar,1235,32645.4,2.46953,61761342,0,0.0,,,20.47661471,106.9746905,2
Radar,1236,21019.1,2.52065,61711430,0,0.0,,,20.55252946,106.89694,90
Radar,1237,4183.67,2.57703,61801527,0,0.0,,,20.67434956,106.8009969,72
Radar,1238,20526.5,3.15841,61712426,0,0.0,,,20.52173423,106.776185,17
Radar,1239,2261.85,3.25903,62122689,0,0.0,,,20.6859215,106.7769549,80
Radar,1240,9864.78,3.42422,61712864,0,0.0,,,20.62099934,106.7530801,47
Radar,1241,1867.48,1.1989,62319447,1,80.0,,,20.71219603,106.7962082,87
Radar,1242,12377.8,1.27231,62319564,1,17.0,,,20.73879841,106.8931133,75
Radar,1243,17852.3,1.40921,61739639,0,0.0,,,20.73190085,106.94871,60
Radar,1244,30679.0,1.58094,62320044,1,2.0,,,20.70330452,107.0741085,95
Radar,1245,33323.0,1.63854,61720024,0,0.0,,,20.68583683,107.0987811,2
Radar,1246,29244.3,1.71661,61720151,0,0.0,,,20.66792964,107.0573653,2
Radar,1247,40546.7,1.7724,62320346,1,2.0,,,20.63316519,107.1610011,32
Radar,1248,40470.3,1.77398,62320346,0,0.0,,,20.63273994,107.1601588,5748889962
Radar,1249,38474.7,1.82477,62290428,0,0.0,,,20.6192616,107.1371366,97
Radar,1250,17273.9,2.08564,62320908,0,5745624370.0,,,20.62969282,106.9238845,57456243765
Radar,1251,17996.5,2.67946,61721658,0,0.0,,,20.56139345,106.8565568,17
Radar,1252,3138.76,2.65744,61771681,0,0.0,,,20.68114472,106.7935303,47
Radar,1253,25945.4,2.68084,61721688,0,0.0,,,20.4973346,106.8902843,17
Radar,1254,25719.7,3.07246,61722322,0,0.0,,,20.47560896,106.796562,2
Radar,1255,2770.46,3.31528,61792752,0,0.0,,,20.6815871,106.7749021,80
Radar,1256,18003.2,1.49192,61779791,0,0.0,,,20.71884303,106.951855,70
Radar,1257,24182.9,1.74562,61750194,0,0.0,,,20.66831487,107.0081989,2
Radar,1258,40266.1,1.7979,62320409,1,17.0,,,20.62465754,107.1562635,92
Radar,1259,139948.0,2.18484,61740908,1,2.0,,,19.98174822,107.8779691,2
Radar,1260,25756.4,2.19812,61730961,0,0.0,,,20.57028888,106.9797548,20
Radar,1261,5903.14,2.33671,62131226,0,0.0,,,20.66934082,106.8203596,92
Radar,1262,4111.98,2.396,61951269,0,0.0,,,20.67896189,106.8062897,95
Radar,1263,33591.1,2.41973,61751300,0,0.0,,,20.47961167,106.9926622,2
Radar,1264,27124.6,2.51177,61771422,0,0.0,,,20.50918788,106.9329285,17
Radar,1265,34674.5,2.66811,61731659,0,9410504370.0,,,20.4288829,106.9313415,9410504370
Radar,1266,91186.0,2.78591,61751851,0,0.0,,,19.9382364,107.0844448,2
Radar,1267,25987.2,2.92478,61752076,0,0.0,,,20.4781195,106.8331862,2
Radar,1268,25859.3,2.94347,61732108,0,0.0,,,20.47834725,106.8283801,17
Radar,1269,2745.03,3.38843,61782852,0,0.0,,,20.6821885,106.7730588,50
Radar,1270,1903.3,1.18564,62159358,0,0.0,,,20.71252362,106.7964391,97
Radar,1271,17499.4,1.36886,62319709,1,17.0,,,20.7376289,106.9441394,99574187457
Radar,1272,27217.4,1.57328,61889971,0,0.0,,,20.70549275,107.0408796,40
Radar,1273,26882.6,1.82176,61740293,0,0.0,,,20.64612911,107.0295778,2
Radar,1274,38625.1,1.82791,62320458,1,25.0,,,20.61786803,107.1382402,52
Radar,1275,181960.0,2.14398,61740827,0,0.0,,,19.81965854,108.2476623,2
Radar,1276,26961.1,3.03967,61812289,0,0.0,,,20.46516232,106.8058441,35
Radar,1277,26440.1,3.05909,61752293,0,0.0,,,20.46939351,106.800425,30
Radar,1278,31484.1,3.11836,61742383,0,0.0,,,20.42335114,106.7865239,17
Radar,1279,26320.8,3.2323,61742564,0,0.0,,,20.47062935,106.7566033,17
Radar,1280,6739.0,3.47243,62313077,1,22.0,,,20.6488457,106.7584775,77
Radar,1281,2271.56,1.17715,62219408,0,0.0,,,20.71392677,106.7996463,97
Radar,1282,18093.2,1.43752,62319809,0,0.0,,,20.72769776,106.9517159,75
Radar,1283,20945.8,1.63615,61750041,0,0.0,,,20.69381191,106.9802222,180
Radar,1284,152834.0,1.83307,61750343,0,0.0,,,20.35013196,108.1970389,2
Radar,1285,33364.6,2.02096,61750643,0,0.0,,,20.57568886,107.0679936,2
Radar,1286,140294.0,2.19302,61770916,0,0.0,,,19.9715559,107.8742981,2
Radar,1287,32939.4,2.38507,61751222,0,0.0,,,20.49091469,106.9966288,17
Radar,1288,26825.7,2.43915,61751313,0,0.0,,,20.52216941,106.9459434,2
Radar,1289,26319.2,2.76157,61781822,0,0.0,,,20.48653937,106.8732572,2
Radar,1290,33427.2,2.80735,61751881,0,0.0,,,20.42243753,106.8848105,2
Radar,1291,23859.0,2.9308,61752098,0,0.0,,,20.49651601,106.8274417,17
Radar,1292,56078.7,3.14486,61902444,0,0.0,,,20.20234146,106.7777404,2
Radar,1293,23580.5,3.16996,61752473,0,0.0,,,20.49435896,106.773077,47
Radar,1294,2494.39,3.45264,61752988,0,0.0,,,20.68476787,106.7721685,25
Radar,1295,1548.95,1.28657,62319577,1,57.0,,,20.7100018,106.7937784,60
Radar,1296,27940.2,2.01253,61850654,0,0.0,,,20.59879995,107.0220661,2
Radar,1297,34377.8,2.07389,61760717,0,0.0,,,20.55720627,107.0687383,2
Radar,1298,5119.69,2.62483,61791590,0,0.0,,,20.66611458,106.8037916,77
Radar,1299,26919.9,2.81988,61761902,0,0.0,,,20.47668227,106.861243,17
Radar,1300,27941.2,2.99887,61762201,0,0.0,,,20.45765313,106.8176671,15
Radar,1301,27064.2,3.2785,61962639,0,0.0,,,20.46525419,106.7440276,2
Radar,1302,32166.3,3.18208,61772482,0,0.0,,,20.41738333,106.7669966,2
Radar,1303,7844.96,3.22097,61852556,0,0.0,,,20.63584975,106.7735261,65
Radar,1304,28691.1,3.26816,61762645,0,0.0,,,20.45042626,106.7447195,20
Radar,1305,2528.71,3.3918,61982865,0,0.0,,,20.68409166,106.7734871,90
Radar,1306,2873.8,3.49572,62003000,0,0.0,,,20.68188621,106.7699297,97
Radar,1307,27584.1,2.10867,61770785,0,0.0,,,20.5791539,107.0069979,17
Radar,1308,29350.9,2.57077,61821518,0,0.0,,,20.48423948,106.9318009,2
Radar,1309,25818.0,2.71344,61931784,0,0.0,,,20.49510898,106.882443,2
Radar,1310,87054.4,2.78439,62311963,1,70.0,,,19.97344276,107.0718188,97
Radar,1311,33252.2,2.89796,61772078,0,0.0,,,20.4162132,106.8565331,2
Radar,1312,24290.1,3.0002,61772194,0,0.0,,,20.49007681,106.8123726,17
Radar,1313,3790.22,2.86828,61772164,0,0.0,,,20.67331582,106.7893249,45
Radar,1314,32285.6,3.01522,61892276,0,0.0,,,20.41838762,106.818578,2
Radar,1315,28189.8,3.04331,61802298,0,0.0,,,20.45408994,106.8060642,17
Radar,1316,28854.5,3.12997,61782373,0,0.0,,,20.44691431,106.7827206,2
Radar,1317,27160.5,3.26853,61802649,0,0.0,,,20.46407724,106.7464793,2
Radar,1318,16492.5,1.18293,61809316,0,0.0,,,20.76213392,106.9261195,35
Radar,1319,6962.31,1.87977,62320521,1,17.0,,,20.68708179,106.8431959,50
Radar,1320,23224.0,2.72306,61781709,0,0.0,,,20.51548331,106.8701439,17
Radar,1321,18899.8,3.03471,61932294,0,0.0,,,20.53728983,106.7988626,40
Radar,1322,30392.4,3.2294,61782528,0,0.0,,,20.4341335,106.7539045,17
Radar,1323,2953.14,3.4714,61942989,0,0.0,,,20.68100137,106.7703152,32
Radar,1324,18699.7,1.48616,61979842,0,0.0,,,20.72030037,106.9584385,72
Radar,1325,25417.2,1.60936,61820004,0,0.0,,,20.69729711,107.0234109,2
Radar,1326,23565.4,1.62967,61830037,0,0.0,,,20.69364419,107.0054166,80
Radar,1327,41940.2,1.94152,61990551,0,0.0,,,20.56960596,107.1549079,2
Radar,1328,139956.0,2.17837,61900902,0,0.0,,,19.98837033,107.8830194,2
Radar,1329,26581.6,2.44005,61951307,0,0.0,,,20.52370431,106.9442534,17
Radar,1330,25733.0,2.56926,62311625,1,574000000000.0,,,20.51177565,106.9133416,57441000052
Radar,1331,28507.2,2.70096,61791733,0,0.0,,,20.4744772,106.8962648,17
Radar,1332,2008.17,2.98723,61792177,0,0.0,,,20.68827488,106.7824651,122
Radar,1333,27086.1,2.97379,61842201,0,0.0,,,20.46620014,106.8229442,27
Radar,1334,25512.1,2.98574,61812210,0,0.0,,,20.4796997,106.8175301,75
Radar,1335,16077.3,1.15527,62139345,0,0.0,,,20.76439993,106.9207587,97
Radar,1336,32736.8,1.94225,61800555,0,0.0,,,20.59935829,107.0724448,20
Radar,1337,24895.7,2.38615,61801262,0,0.0,,,20.54329659,106.9434187,17
Radar,1338,22360.8,2.66679,61831707,0,0.0,,,20.52745003,106.8776714,17
Radar,1339,35481.5,2.91807,61952093,0,0.0,,,20.39529499,106.8550314,32
Radar,1340,28203.7,2.92389,61842099,0,0.0,,,20.45872319,106.8380006,17
Radar,1341,1832.54,1.15588,61829274,0,0.0,,,20.71273602,106.7956054,57
Radar,1342,17558.6,1.37481,61999669,0,0.0,,,20.73681557,106.9448947,70
Radar,1343,22175.4,1.62843,62320132,1,17.0,,,20.69462549,106.9921064,9957419732
Radar,1344,29451.6,2.31768,61911103,0,0.0,,,20.526365,106.9870481,2
Radar,1345,5856.48,2.35847,61841201,0,0.0,,,20.66881497,106.8191787,52
Radar,1346,19030.3,2.43265,61811322,0,0.0,,,20.57633929,106.89848,20
Radar,1347,35330.4,2.94297,61862132,0,0.0,,,20.39496293,106.8464491,2
Radar,1348,2073.37,3.00213,61822156,0,0.0,,,20.68765552,106.7822679,30
Radar,1349,26074.8,3.0041,61902230,0,0.0,,,20.47407767,106.8138208,80
Radar,1350,29504.9,2.97339,61832216,0,0.0,,,20.44479471,106.8269355,17
Radar,1351,26805.5,3.03843,61822295,0,0.0,,,20.46658341,106.8060095,17
Radar,1352,16218.9,3.1349,61812367,0,0.0,,,20.56040707,106.7805424,20
Radar,1353,24700.7,2.01826,61820616,0,0.0,,,20.61009293,106.9933574,2
Radar,1354,32509.2,2.03397,61950690,0,0.0,,,20.57562233,107.0588062,2
Radar,1355,32438.3,2.22618,61820993,0,0.0,,,20.52850425,107.0264767,17
Radar,1356,25926.4,2.45936,61821334,0,0.0,,,20.52533092,106.9364903,17
Radar,1357,31274.3,2.46493,61821371,0,0.0,,,20.48705997,106.9675716,17
Radar,1358,23562.5,2.77225,61821861,0,0.0,,,20.50870906,106.861188,2
Radar,1359,25133.3,2.82961,61821928,0,0.0,,,20.49122363,106.8535864,17
Radar,1360,29827.3,3.24246,61872592,0,0.0,,,20.43951993,106.7506561,2
Radar,1361,2283.2,1.27038,62119472,0,0.0,,,20.71216935,106.8004445,72
Radar,1362,20843.2,1.57159,62029975,0,0.0,,,20.7059514,106.9796662,95
Radar,1363,30299.0,1.8442,61870385,0,0.0,,,20.6326088,107.0596669,2
Radar,1364,27551.7,1.97809,61830603,0,0.0,,,20.60805885,107.0224463,17
Radar,1365,139648.0,2.17432,61850881,0,0.0,,,19.99412706,107.8836825,2
Radar,1366,28126.6,2.30549,61831102,0,0.0,,,20.53672393,106.9799328,17
Radar,1367,29882.2,2.78001,61831862,0,0.0,,,20.45502238,106.8810177,2
Radar,1368,28353.4,2.90742,61832048,0,0.0,,,20.4583499,106.8426817,17
Radar,1369,29654.7,2.9443,61832106,0,0.0,,,20.44487628,106.8353226,2
Radar,1370,17249.4,1.22562,61839433,0,0.0,,,20.7585304,106.9353825,17
Radar,1371,29100.3,1.66674,61840096,0,0.0,,,20.68105771,107.0576775,2
Radar,1372,33577.8,1.67107,61840104,0,0.0,,,20.6759048,107.1003423,17
Radar,1373,42513.7,1.84668,61840381,0,0.0,,,20.60207002,107.1723384,2
Radar,1374,25190.2,1.97135,61860602,0,0.0,,,20.61786455,107.0022639,17
Radar,1375,5884.51,2.31617,61841140,0,0.0,,,20.67024707,106.8210266,172
Radar,1376,32769.8,2.3806,61861234,0,0.0,,,20.49292798,106.9965317,2
Radar,1377,27363.0,2.93178,61952135,0,0.0,,,20.46568563,106.8342307,35
Radar,1378,33681.4,2.99775,61842201,0,0.0,,,20.40666096,106.8258666,17
Radar,1379,31093.3,3.1034,61862421,0,0.0,,,20.4269891,106.7909016,2
Radar,1380,33632.7,3.12729,61862429,0,0.0,,,20.4040046,106.7841194,2
Radar,1381,26005.1,2.2856,61851126,0,0.0,,,20.552978,106.9681078,2
Radar,1382,26140.6,2.46782,61871375,0,0.0,,,20.52259136,106.9361332,45
Radar,1383,22486.4,2.6313,61901691,0,0.0,,,20.52983636,106.8849754,20
Radar,1384,32304.0,2.76882,61861846,0,0.0,,,20.43583951,106.8924852,2
Radar,1385,25967.7,2.99006,61862189,0,0.0,,,20.47550233,106.8171446,17
Radar,1386,26030.1,3.11412,61862397,0,0.0,,,20.47235694,106.7863667,2
Radar,1387,6890.39,3.45009,61852965,0,0.0,,,20.64712497,106.7594086,90
Radar,1388,20054.6,1.49739,62319914,1,440000000000.0,,,20.71931248,106.9715743,95
Radar,1389,38436.6,1.80167,61910327,0,0.0,,,20.62709017,107.1388293,2
Radar,1390,21902.4,1.97185,61890576,0,0.0,,,20.62929037,106.9731479,2
Radar,1391,27154.4,2.14571,61860842,0,0.0,,,20.5734595,106.998353,2
Radar,1392,26773.3,2.16192,61910939,0,0.0,,,20.5720665,106.9929869,82
Radar,1393,27580.6,2.25293,61871052,0,0.0,,,20.54989978,106.9850986,17
Radar,1394,5904.91,2.39222,61891257,0,0.0,,,20.66726528,106.8181279,5
Radar,1395,31437.8,2.57419,61901584,0,0.0,,,20.46794433,106.94176,2
Radar,1396,26045.5,2.96588,61972154,0,0.0,,,20.47573298,106.8232245,2
Radar,1397,34040.8,2.97106,61862164,0,0.0,,,20.40474336,106.8349788,17
Radar,1398,30425.8,3.00077,61862214,0,0.0,,,20.43548725,106.8205114,17
Radar,1399,20517.1,3.02599,61912255,0,0.0,,,20.52302277,106.802227,55
Radar,1400,29079.3,3.07257,61872338,0,0.0,,,20.4454994,106.79876,25
Radar,1401,2727.4,3.42074,61862942,0,0.0,,,20.68254786,106.772283,115
Radar,1402,16261.1,1.23666,61949410,0,0.0,,,20.75400588,106.9270256,95
Radar,1403,184246.0,2.03859,61960705,0,0.0,,,19.95978438,108.3587997,2
Radar,1404,26886.1,2.55473,61871498,0,0.0,,,20.50498992,106.922478,22
Radar,1405,20204.8,2.65608,61881699,0,0.0,,,20.54557315,106.8700489,2
Radar,1406,24741.6,2.77351,61871835,0,0.0,,,20.49873041,106.8649965,17
Radar,1407,25959.2,2.80232,61961918,0,0.0,,,20.48619839,106.8624665,2
Radar,1408,24228.9,3.28506,61872697,0,0.0,,,20.49068519,106.7462323,17
Radar,1409,3008.4,3.57554,61872986,0,0.0,,,20.68158005,106.7673526,37
Radar,1410,17027.4,1.13331,61879273,0,0.0,,,20.77090322,106.9276209,17
Radar,1411,24191.9,1.73897,62320306,0,0.0,,,20.66972477,107.0085476,25
Radar,1412,62867.0,1.73922,62320286,0,0.0,,,20.61143325,107.3746962,2
Radar,1413,24581.9,2.57184,61921538,0,0.0,,,20.52016031,106.9068421,17
Radar,1414,21135.1,2.5581,61881500,0,0.0,,,20.54765444,106.8913244,17
Radar,1415,25829.3,2.84803,61881960,0,0.0,,,20.48399887,106.8512768,17
Radar,1416,25046.5,3.01803,61882233,0,0.0,,,20.48281989,106.8091452,2
Radar,1417,26380.7,3.06977,61882392,0,0.0,,,20.46973019,106.7976803,17
Radar,1418,36572.0,3.09341,61962365,0,0.0,,,20.37795092,106.796416,2
Radar,1419,2459.58,3.36871,61982841,0,0.0,,,20.68457272,106.7741814,32
Radar,1420,16778.7,1.26008,62319537,1,142.0,,,20.75218275,106.9329172,97
Radar,1421,39610.6,1.58783,62019990,0,0.0,,,20.70003926,107.1598425,31249800020
Radar,1422,45812.9,1.79499,62220366,0,0.0,,,20.61460578,107.2084505,2
Radar,1423,153479.0,1.81433,61890329,0,0.0,,,20.37364462,108.2099325,20
Radar,1424,53696.6,1.933,62320612,1,100.0,,,20.53518168,107.261714,95
Radar,1425,10611.4,2.04561,62290792,0,0.0,,,20.66252074,106.8701328,57
Radar,1426,28993.1,2.09955,61890807,0,0.0,,,20.57471489,107.0199094,17
Radar,1427,25451.8,2.19469,61890975,0,0.0,,,20.5725307,106.9778775,2
Radar,1428,26820.2,2.27646,61941077,0,0.0,,,20.54984821,106.9755544,17
Radar,1429,27933.5,2.26247,61891058,0,0.0,,,20.5460502,106.9861064,17
Radar,1430,32804.4,2.66801,61891678,0,0.0,,,20.44384749,106.9231803,2
Radar,1431,32552.0,2.74947,61911818,0,0.0,,,20.4358763,106.8989645,2
Radar,1432,26137.8,2.99831,61892265,0,0.0,,,20.4737073,106.8153428,17
Radar,1433,28893.7,3.16677,61912501,0,0.0,,,20.44662693,106.7725146,2
Radar,1434,32993.3,3.18203,61892521,0,0.0,,,20.40995979,106.766691,2
Radar,1435,16722.5,3.182,61892502,0,0.0,,,20.55600253,106.7730126,17
Radar,1436,20938.2,1.41487,61899711,0,0.0,,,20.73530951,106.9781391,17
Radar,1437,20297.0,1.50446,62009875,0,0.0,,,20.71818625,106.9739921,53800589717
Radar,1438,26444.3,1.70571,61900157,0,0.0,,,20.67414811,107.0311483,17
Radar,1439,24506.4,1.98821,62000638,0,0.0,,,20.61685427,106.9946389,47
Radar,1440,26945.4,2.24299,61931025,0,0.0,,,20.55537231,106.9819752,17
Radar,1441,17337.5,2.63387,61901631,0,0.0,,,20.57000187,106.8604501,17
Radar,1442,24679.9,2.96413,61932167,0,0.0,,,20.48787958,106.8213403,17
Radar,1443,27179.0,2.96414,61902169,0,0.0,,,20.46578203,106.8255745,2
Radar,1444,23517.4,2.93888,61902161,0,0.0,,,20.4991663,106.8249693,15
Radar,1445,26633.7,3.02596,61922284,0,0.0,,,20.46844423,106.8090101,17
Radar,1446,33632.1,3.07531,61902315,0,0.0,,,20.40464251,106.8008925,17
Radar,1447,33937.2,3.04113,61952287,0,0.0,,,20.40277549,106.8121871,47
Radar,1448,16432.4,1.28669,62029533,0,0.0,,,20.74747619,106.9309813,60
Radar,1449,28980.4,1.65043,61910081,0,0.0,,,20.68539054,107.0569293,2
Radar,1450,25145.6,1.67554,61950123,0,0.0,,,20.68248314,107.0196606,2
Radar,1451,21540.8,2.50574,61911460,0,0.0,,,20.5504138,106.90235,112
Radar,1452,26046.9,2.64756,61931679,0,0.0,,,20.50009555,106.8981113,20
Radar,1453,29447.0,2.71303,61911766,0,0.0,,,20.46549695,106.8970182,2
Radar,1454,36486.5,2.96798,61912184,0,0.0,,,20.3832649,106.840028,2
Radar,1455,32765.0,3.12775,61932433,0,0.0,,,20.41179654,106.7838555,2
Radar,1456,33102.1,3.20436,62002582,0,0.0,,,20.4093257,106.7595598,2
Radar,1457,34482.5,3.15876,61962512,0,0.0,,,20.39638549,106.7738153,2
Radar,1458,37774.0,1.70108,62320242,0,0.0,,,20.66201605,107.1391857,2
Radar,1459,42724.2,1.94775,62320630,1,2.0,,,20.56482853,107.160992,2
Radar,1460,34944.7,2.33364,61941140,0,0.0,,,20.48919303,107.0220886,2
Radar,1461,25251.3,2.77592,61921893,0,0.0,,,20.49426232,106.8662123,17
Radar,1462,22069.9,2.81363,61921914,0,0.0,,,20.51841057,106.8477712,17
Radar,1463,30137.4,2.88631,61922047,0,0.0,,,20.44414612,106.8525846,2
Radar,1464,27399.2,3.0099,61922245,0,0.0,,,20.46210115,106.8140517,17
Radar,1465,29075.7,3.20675,61932538,0,0.0,,,20.44546398,106.7613192,17
Radar,1466,142758.0,1.41219,61929705,0,0.0,,,20.9086468,108.1332589,2
Radar,1467,26992.9,1.56906,62320044,1,100.0,,,20.70652102,107.0387241,75
Radar,1468,32598.2,1.66513,61930122,0,0.0,,,20.67851691,107.0911627,2
Radar,1469,40207.9,1.79844,61990331,0,0.0,,,20.62458523,107.1556719,90
Radar,1470,154805.0,1.79485,62110343,0,0.0,,,20.39712442,108.229,2
Radar,1471,17494.1,2.12855,61950851,0,0.0,,,20.62292262,106.9220418,37
Radar,1472,35887.7,2.16153,61930886,0,0.0,,,20.52654205,107.0657389,17
Radar,1473,25599.9,2.21314,61981006,0,0.0,,,20.56833297,106.9763481,32
Radar,1474,30002.8,2.67774,61951710,0,0.0,,,20.46506004,106.9084084,2
Radar,1475,19375.4,2.82592,61951954,0,0.0,,,20.54064888,106.8372666,87
Radar,1476,29195.8,2.96812,61982170,0,0.0,,,20.44776718,106.8278947,17
Radar,1477,27761.3,3.00149,62142264,0,0.0,,,20.45916068,106.8167298,2
Radar,1478,29405.4,2.97551,62082224,0,0.0,,,20.44558275,106.8261852,47
Radar,1479,26546.0,3.17875,61932519,0,0.0,,,20.46779892,106.7700296,17
Radar,1480,16777.6,1.25658,61989471,0,0.0,,,20.75268169,106.9327338,85
Radar,1481,16520.1,1.24923,62099491,0,0.0,,,20.75300287,106.9300175,7
Radar,1482,31234.3,2.04662,61940723,0,0.0,,,20.57757395,107.046136,2
Radar,1483,68507.5,2.15821,62020906,0,0.0,,,20.36503328,107.3271266,2
Radar,1484,27175.5,2.21107,61941016,0,0.0,,,20.56025874,106.9887867,17
Radar,1485,16179.7,2.29223,61941122,0,0.0,,,20.6101058,106.8961691,2
Radar,1486,18195.6,2.50104,61941494,0,0.0,,,20.57504892,106.8839315,2
Radar,1487,25539.4,2.63072,61961624,0,0.0,,,20.5059699,106.89942,47
Radar,1488,24357.7,2.60904,61941645,0,0.0,,,20.51759394,106.8982679,17
Radar,1489,24434.8,2.66282,61971710,0,0.0,,,20.51127988,106.8876046,17
Radar,1490,22923.2,2.92585,61942084,0,0.0,,,20.50495207,106.8266263,17
Radar,1491,27943.2,3.07085,62092383,0,0.0,,,20.45571096,106.798468,67
Radar,1492,16597.4,1.29335,62139568,0,0.0,,,20.74693756,106.9327965,95
Radar,1493,17873.8,1.48019,61969817,0,0.0,,,20.72062807,106.9504457,40
Radar,1494,32748.8,1.71988,61970202,0,0.0,,,20.66240394,107.0905123,2
Radar,1495,33364.0,1.72886,61980206,0,0.0,,,20.65892335,107.0959147,2
Radar,1496,34424.9,1.9185,61980529,0,0.0,,,20.6007287,107.0903135,2
Radar,1497,26618.7,2.04613,61970718,0,0.0,,,20.59667085,107.0067917,27
Radar,1498,24932.9,2.12868,61970833,0,0.0,,,20.58752943,106.9826367,17
Radar,1499,32923.3,2.19652,61950959,0,0.0,,,20.5328818,107.0357737,2
Radar,1500,33083.4,2.27195,61981071,0,0.0,,,20.51438163,107.0222649,2
Radar,1501,24720.4,2.32436,61981189,0,0.0,,,20.55415305,106.9526257,17
Radar,1502,33762.7,2.34921,61991194,0,0.0,,,20.4931418,107.0103665,2
Radar,1503,27005.0,2.43103,61951307,0,0.0,,,20.5222188,106.9486576,17
Radar,1504,40136.2,2.42629,61971321,0,0.0,,,20.43392422,107.0322927,2
Radar,1505,16380.4,2.45041,61951330,0,0.0,,,20.59272434,106.8797758,17
Radar,1506,26113.7,2.4064,61991319,0,0.0,,,20.53210996,106.9477065,30
Radar,1507,21962.9,2.8875,61992050,0,0.0,,,20.51513961,106.8325182,30
Radar,1508,29252.6,2.9715,61972210,0,0.0,,,20.44711277,106.8270533,20
Radar,1509,2777.21,3.44062,62032937,0,0.0,,,20.68225912,106.771643,85
Radar,1510,17025.2,1.33607,62019607,0,0.0,,,20.74167013,106.9385168,92
Radar,1511,31800.1,1.71033,61960159,0,0.0,,,20.66636949,107.081922,17
Radar,1512,154379.0,1.81241,61960323,0,0.0,,,20.37427982,108.2190043,2
Radar,1513,34672.4,1.96449,61970575,0,0.0,,,20.58662096,107.087001,2
Radar,1514,26918.9,1.99011,62010674,0,0.0,,,20.60764877,107.0156184,2
Radar,1515,140150.0,2.17332,61960912,0,0.0,,,19.99260462,107.8884151,2
Radar,1516,31481.8,2.28086,62001117,0,0.0,,,20.5217448,107.0087655,2
Radar,1517,24036.7,2.40696,61961264,0,0.0,,,20.54586749,106.9342319,2
Radar,1518,21522.3,2.44174,62071400,0,0.0,,,20.55820918,106.9126287,17
Radar,1519,22542.6,2.78168,61971894,0,0.0,,,20.51657214,106.8557449,72
Radar,1520,25688.6,2.75023,61961888,0,0.0,,,20.49278444,106.8736028,17
Radar,1521,27750.8,2.81346,62001972,0,0.0,,,20.47011205,106.8653875,17
Radar,1522,25244.7,3.00115,62012271,0,0.0,,,20.48155685,106.8134365,95
Radar,1523,27864.3,3.10465,61962405,0,0.0,,,20.45596267,106.7893833,17
Radar,1524,29027.4,3.11933,61962426,0,0.0,,,20.44540824,106.7857055,2
Radar,1525,29301.7,3.27656,62012700,0,0.0,,,20.44527335,106.7416358,2
Radar,1526,17398.8,1.35755,62319694,0,0.0,,,20.73917738,106.9428035,97
Radar,1527,25839.8,1.61742,62030056,0,0.0,,,20.69528155,107.0273811,37
Radar,1528,36038.4,2.00507,62010648,0,0.0,,,20.56988715,107.0934666,2
Radar,1529,18451.2,1.96025,62020640,0,0.0,,,20.64316784,106.9434259,23431052917
Radar,1530,12982.6,2.12414,61970896,0,0.0,,,20.64480994,106.8855721,65
Radar,1531,29344.9,2.22718,61981016,0,0.0,,,20.54523133,107.0027525,2
Radar,1532,25603.7,2.29216,61981080,0,0.0,,,20.55420527,106.9641353,30
Radar,1533,34112.9,2.28992,61991112,0,0.0,,,20.50424013,107.0259815,2
Radar,1534,25925.5,2.27629,62031091,0,0.0,,,20.55509078,106.9690416,2
Radar,1535,19393.4,2.32218,61981169,0,0.0,,,20.58717335,106.9155963,22
Radar,1536,4118.88,2.36555,62021277,0,0.0,,,20.67969317,106.807207,72
Radar,1537,29344.1,2.70827,61971762,0,0.0,,,20.46686186,106.8978263,192
Radar,1538,2065.98,2.94535,62092176,0,0.0,,,20.68789729,106.7833686,65
Radar,1539,35948.4,3.07742,61972343,0,0.0,,,20.38383621,106.801639,2
Radar,1540,21881.0,3.05454,61972343,0,0.0,,,20.51028484,106.7977695,20
Radar,1541,31041.0,3.11851,61972429,0,0.0,,,20.42732951,106.7863803,17
Radar,1542,30838.3,3.09379,61972415,0,0.0,,,20.42939256,106.7936515,17
Radar,1543,25568.7,3.14298,61972467,0,0.0,,,20.47641373,106.7791593,82
Radar,1544,16609.7,1.32762,61989552,0,0.0,,,20.74202701,106.934317,5
Radar,1545,18312.2,1.45662,62229825,0,0.0,,,20.72484129,106.9542149,62
Radar,1546,29441.0,1.67433,62050130,0,0.0,,,20.67876716,107.0607206,37
Radar,1547,32531.0,1.79912,61980317,0,0.0,,,20.63995528,107.0838014,17
Radar,1548,32190.2,2.02524,61980690,0,0.0,,,20.57916601,107.0572607,2
Radar,1549,27322.3,2.33239,62051170,0,0.0,,,20.53672832,106.9693998,2
Radar,1550,30736.2,2.94967,61982128,0,0.0,,,20.43506279,106.8358032,17
Radar,1551,24125.2,3.03667,62092353,0,0.0,,,20.49057244,106.8037644,2
Radar,1552,18251.3,3.09785,61982393,0,0.0,,,20.54230336,106.7871646,32
Radar,1553,29353.1,3.09223,62012397,0,0.0,,,20.44273901,106.7934092,45
Radar,1554,21538.7,3.18806,61982510,0,0.0,,,20.5128243,106.7698919,12
Radar,1555,7844.96,3.22064,61982598,0,0.0,,,20.63584791,106.7735509,17
Radar,1556,20081.4,1.51354,62119918,0,0.0,,,20.71642302,106.9720343,35751000085
Radar,1557,28379.7,2.06595,61990734,0,0.0,,,20.5849619,107.019309,2
Radar,1558,27490.6,2.07449,62040769,0,0.0,,,20.58690564,107.0107163,17
Radar,1559,185379.0,2.36862,61991240,0,0.0,,,19.51402888,108.0226057,0
Radar,1560,34776.4,2.72212,61991795,0,0.0,,,20.42078362,106.9155201,27
Radar,1561,26093.3,2.83815,61991972,0,0.0,,,20.48240985,106.8543767,17
Radar,1562,30912.6,2.92746,62002163,0,0.0,,,20.43475083,106.8425842,2
Radar,1563,23089.2,2.95848,62012232,0,0.0,,,20.50215473,106.8198761,47
Radar,1564,20428.9,2.96624,61992199,0,0.0,,,20.5253991,106.813726,30
Radar,1565,19571.9,3.4153,62002895,0,0.0,,,20.53682813,106.7286946,17
Radar,1566,17807.0,1.41078,62029732,0,0.0,,,20.73158748,106.9483236,7
Radar,1567,174243.0,1.86229,62020428,0,0.0,,,20.25627506,108.3822425,2
Radar,1568,5940.74,2.40841,62221296,0,0.0,,,20.66644624,106.817681,92
Radar,1569,32760.2,2.76379,62001869,0,0.0,,,20.43256545,106.8955531,2
Radar,1570,24630.0,2.78747,62001908,0,0.0,,,20.49857453,106.8615218,17
Radar,1571,32452.0,2.94496,62042150,0,0.0,,,20.42019764,106.8403865,2
Radar,1572,26816.4,3.02408,62002248,0,0.0,,,20.46686665,106.8096934,17
Radar,1573,32122.5,3.15907,62002472,0,0.0,,,20.41758406,106.7741088,17
Radar,1574,21200.5,1.56963,62320036,1,20.0,,,20.70632212,106.9830974,5631584002
Radar,1575,22183.7,1.83781,62010407,0,0.0,,,20.6535199,106.9849902,17
Radar,1576,33457.9,2.2626,62151095,0,0.0,,,20.51436711,107.0269403,2
Radar,1577,35677.2,2.34781,62031247,0,0.0,,,20.48138579,107.0237942,2
Radar,1578,35929.7,2.47549,62011403,0,0.0,,,20.4523341,106.9927146,2
Radar,1579,28997.1,2.49171,62041436,0,0.0,,,20.49871426,106.9480013,17
Radar,1580,16219.9,2.52596,62021481,0,0.0,,,20.58714509,106.8694514,25
Radar,1581,21552.7,2.52977,62031530,0,0.0,,,20.54761011,106.8983811,70
Radar,1582,26938.6,2.9102,62042098,0,0.0,,,20.47055714,106.8388292,2
Radar,1583,30926.6,3.04787,62062320,0,0.0,,,20.42950217,106.807295,30
Radar,1584,27353.8,3.09631,62012397,0,0.0,,,20.46062964,106.7913913,17
Radar,1585,30653.2,3.15365,62012505,0,0.0,,,20.43075889,106.7759507,17
Radar,1586,24478.2,3.18247,62062538,0,0.0,,,20.48639328,106.7698934,17
Radar,1587,29724.1,1.61606,62320092,1,57420106425.0,,,20.69401805,107.064661,70
Radar,1588,28607.4,1.99636,62020662,0,0.0,,,20.60000842,107.0297251,17
Radar,1589,28118.3,2.15459,62050903,0,0.0,,,20.56687419,107.0048088,2
Radar,1590,30783.2,2.3654,62021248,0,0.0,,,20.50877283,106.9866049,17
Radar,1591,31180.4,2.71865,62111812,0,0.0,,,20.45068371,106.9024034,2
Radar,1592,25660.7,2.91591,62042098,0,0.0,,,20.48143251,106.8346443,20
Radar,1593,34557.2,2.94212,62082168,0,0.0,,,20.40182429,106.8452604,2
Radar,1594,25638.5,3.04449,62042313,0,0.0,,,20.47687144,106.8033708,2
Radar,1595,28142.4,3.07131,62022388,0,0.0,,,20.45391781,106.7984792,17
Radar,1596,24262.8,3.12945,62022431,0,0.0,,,20.48816062,106.7823292,17
Radar,1597,1830.8,1.14619,62069314,0,0.0,,,20.71287524,106.7955207,50
Radar,1598,28269.9,1.65341,62030116,0,0.0,,,20.68514398,107.0500621,2
Radar,1599,25518.6,2.4701,62031413,0,0.0,,,20.5266322,106.9319692,17
Radar,1600,18109.2,2.89837,62122107,0,0.0,,,20.54821112,106.8213831,2
Radar,1601,28837.0,2.98316,62042200,0,0.0,,,20.45029836,106.8231921,17
Radar,1602,36834.4,3.10246,62072426,0,0.0,,,20.37546579,106.7933391,2
Radar,1603,30160.4,3.12193,62032446,0,0.0,,,20.43521813,106.7851948,35
Radar,1604,25047.9,3.16688,62052503,0,0.0,,,20.48116385,106.7734179,55
Radar,1605,16490.3,3.32083,62032800,0,0.0,,,20.56033891,106.7512671,20
Radar,1606,7547.02,3.47244,62203044,0,0.0,,,20.64198101,106.7559561,77
Radar,1607,16457.3,1.24583,62159479,0,0.0,,,20.75330118,106.9292746,85
Radar,1608,20507.5,1.53156,62319959,1,56315840092.0,,,20.71332631,106.9762908,97
Radar,1609,34047.9,1.98985,62080642,0,0.0,,,20.58164832,107.0781848,2
Radar,1610,37126.6,2.20894,62091012,0,0.0,,,20.50742484,107.0658762,2
Radar,1611,24531.8,2.19217,62050996,0,0.0,,,20.57780992,106.971053,2
Radar,1612,185507.0,2.35938,62071223,0,0.0,,,19.52400833,108.0351943,2
Radar,1613,5633.35,2.39055,62051272,0,0.0,,,20.66910886,106.8164176,192
Radar,1614,28120.6,2.91117,62042108,0,0.0,,,20.46016602,106.8411774,2
Radar,1615,24316.0,2.94357,62052169,0,0.0,,,20.49193539,106.82544,17
Radar,1616,33286.0,2.97449,62092225,0,0.0,,,20.41125314,106.8326678,80
Radar,1617,20514.7,3.07025,62042352,0,0.0,,,20.52228295,106.7935434,22
Radar,1618,33275.3,3.25975,62072653,0,0.0,,,20.40926844,106.7418298,2
Radar,1619,31123.0,2.29336,62091145,0,0.0,,,20.52121006,107.0036994,2
Radar,1620,28206.2,2.34005,62051205,0,0.0,,,20.52984945,106.9741057,17
Radar,1621,25351.7,2.41912,62051311,0,5741120230.0,,,20.53525774,106.9404881,5741120230
Radar,1622,34223.2,2.50737,62051473,0,0.0,,,20.45845446,106.9742481,2
Radar,1623,25922.9,2.69193,62071761,0,0.0,,,20.49638025,106.8877085,17
Radar,1624,24975.3,2.82555,62051974,0,0.0,,,20.4928558,106.8540468,15
Radar,1625,27460.7,2.88352,62052034,0,0.0,,,20.46758668,106.8468052,62
Radar,1626,28436.5,2.94998,62112180,0,5742123120.0,,,20.45532686,106.8315075,5742123120
Radar,1627,32755.8,2.97465,62192245,0,0.0,,,20.41594181,106.8317712,2
Radar,1628,25638.2,2.98731,62072301,0,0.0,,,20.47852481,106.8173361,17
Radar,1629,31633.4,3.0243,62052296,0,0.0,,,20.42388611,106.8150506,2
Radar,1630,27331.9,3.05753,62092353,0,0.0,,,20.46144148,106.8015388,2
Radar,1631,24357.3,3.10917,62132459,0,0.0,,,20.48741065,106.7870828,70
Radar,1632,16328.3,3.16433,62082536,0,0.0,,,20.55945897,106.7759349,17
Radar,1633,16523.1,1.19783,62159421,0,0.0,,,20.76018442,106.9272694,55
Radar,1634,38432.7,1.79887,62320397,1,2.0,,,20.62803953,107.1390279,2
Radar,1635,30587.4,2.04088,62060743,0,0.0,,,20.58163992,107.0413817,2
Radar,1636,33875.6,2.13695,62060875,0,0.0,,,20.54287212,107.0540621,2
Radar,1637,25567.9,2.92033,62062142,0,0.0,,,20.48202002,106.8333865,17
Radar,1638,17863.0,2.93412,62062150,0,0.0,,,20.54907591,106.8148363,22
Radar,1639,24215.3,2.98287,62082236,0,0.0,,,20.49130559,106.8162562,45
Radar,1640,28544.2,3.19738,62062569,0,0.0,,,20.45008317,106.7642154,17
Radar,1641,16666.8,1.27061,62319547,1,2.0,,,20.75037185,106.9324009,90
Radar,1642,16284.1,1.22392,62229452,0,0.0,,,20.75583026,106.9265689,77
Radar,1643,18933.3,1.51187,62269889,0,0.0,,,20.71611639,106.9610091,87
Radar,1644,33784.3,1.85591,62130446,0,0.0,,,20.62073894,107.0908473,2
Radar,1645,25424.4,1.96863,62070627,0,0.0,,,20.61761658,107.0045931,17
Radar,1646,25464.7,2.22228,62111017,0,0.0,,,20.56739222,106.9739613,27
Radar,1647,27568.9,2.35721,62101260,0,0.0,,,20.53080407,106.9665206,17
Radar,1648,36577.0,2.5335,62071493,0,0.0,,,20.43642539,106.9801786,2
Radar,1649,24918.7,2.63647,62071666,0,0.0,,,20.5102077,106.8953032,17
Radar,1650,26011.6,2.67501,62071744,0,0.0,,,20.49741118,106.8918695,2
Radar,1651,25481.1,2.85822,62072060,0,0.0,,,20.48632942,106.8479187,17
Radar,1652,26287.6,2.8676,62122070,0,0.0,,,20.47876415,106.8478076,2
Radar,1653,28577.2,2.94368,62072149,0,0.0,,,20.45439906,106.8334611,17
Radar,1654,33272.1,3.09275,62092393,0,0.0,,,20.40756945,106.7951003,2
Radar,1655,31920.6,3.14003,62072459,0,0.0,,,20.41935403,106.779979,17
Radar,1656,26972.9,3.2907,62192748,0,0.0,,,20.46648797,106.7410193,60
Radar,1657,22592.5,1.56275,62139999,0,0.0,,,20.70773299,106.9964585,2
Radar,1658,29527.7,2.03832,62110744,0,0.0,,,20.58655762,107.0326368,2
Radar,1659,29365.8,2.39976,62091319,0,0.0,,,20.51162106,106.9700389,17
Radar,1660,35718.7,2.45335,62091412,0,0.0,,,20.45827555,106.9973811,2
Radar,1661,27436.8,2.59281,62081618,0,0.0,,,20.49582345,106.916948,2
Radar,1662,16694.4,2.63484,62081721,0,0.0,,,20.5749795,106.8573115,17
Radar,1663,25756.1,2.74499,62101874,0,0.0,,,20.49268932,106.8750469,72
Radar,1664,24873.1,3.04228,62112330,0,0.0,,,20.48376314,106.8031836,2
Radar,1665,20422.1,1.55946,62109958,0,0.0,,,20.70817965,106.9756096,77
Radar,1666,27604.0,1.6175,62090081,0,0.0,,,20.69452311,107.0443041,30
Radar,1667,25190.7,1.94595,62320620,0,0.0,,,20.62318351,107.0045922,85
Radar,1668,26033.9,2.16851,62110941,0,0.0,,,20.57449129,106.9861683,42
Radar,1669,32116.4,2.29196,62111165,0,0.0,,,20.51561181,107.0111409,2
Radar,1670,33672.5,2.64031,62091672,0,0.0,,,20.44083169,106.9348965,2
Radar,1671,28729.1,2.68236,62091789,0,0.0,,,20.47476187,106.9017946,17
Radar,1672,18093.9,2.7244,62091828,0,0.0,,,20.55750148,106.8499082,72
Radar,1673,18821.5,2.87242,62092093,0,0.0,,,20.54311257,106.8275678,50
Radar,1674,59609.4,2.89113,62152090,0,0.0,,,20.18733016,106.9213842,2
Radar,1675,29332.0,2.88811,62142098,0,0.0,,,20.45102729,106.8501408,2
Radar,1676,26742.5,2.87698,62122131,0,0.0,,,20.47423064,106.8466675,25
Radar,1677,33939.6,3.07147,62142393,0,0.0,,,20.40196606,106.8023368,2
Radar,1678,28866.7,3.10975,62112445,0,0.0,,,20.44691866,106.7883259,2
Radar,1679,18602.2,3.34518,62122820,0,0.0,,,20.54244549,106.7433809,22
Radar,1680,6581.67,1.13126,62189306,0,0.0,,,20.73125839,106.8366988,20
Radar,1681,15669.5,1.11734,62129301,0,0.0,,,20.76776384,106.9147731,27
Radar,1682,2295.35,1.1891,62319419,0,0.0,,,20.71378062,106.7999569,97
Radar,1683,17232.6,1.36979,62229645,0,0.0,,,20.73700714,106.9416601,50
Radar,1684,16837.3,1.26835,62159524,0,0.0,,,20.75115118,106.9338566,45
Radar,1685,18437.6,1.58875,62099972,0,0.0,,,20.70312655,106.9565357,17
Radar,1686,40180.9,1.7985,62320396,1,150.0,,,20.62461887,107.1554141,80
Radar,1687,33747.6,2.27692,62101100,0,0.0,,,20.50938374,107.0260967,2
Radar,1688,26356.8,2.30255,62131119,0,0.0,,,20.54789873,106.9678191,2
Radar,1689,20805.0,2.31303,62101181,0,0.0,,,20.57977191,106.9267443,17
Radar,1690,26603.0,2.35964,62101260,0,0.0,,,20.536536,106.9595282,17
Radar,1691,29765.9,2.45191,62111390,0,0.0,,,20.49982221,106.9613872,2
Radar,1692,28390.6,2.68622,62241786,0,0.0,,,20.47705294,106.8994094,25
Radar,1693,32415.0,2.71078,62231823,0,0.0,,,20.44151921,106.9094998,2
Radar,1694,30895.8,2.74636,62141915,0,0.0,,,20.449956,106.8937385,2
Radar,1695,25334.8,2.77256,62111899,0,0.0,,,20.49383645,106.8672619,72
Radar,1696,28646.0,2.95263,62122217,0,0.0,,,20.45335036,106.8311748,17
Radar,1697,22315.5,3.03127,62102316,0,0.0,,,20.50685606,106.8030948,17
Radar,1698,29876.1,3.08853,62152422,0,0.0,,,20.4380974,106.7947172,2
Radar,1699,24271.0,3.20538,62102587,0,0.0,,,20.48851431,106.7646422,2
Radar,1700,16312.4,1.15609,62219351,0,0.0,,,20.7651425,106.9228761,55
Radar,1701,21436.1,1.61173,62320092,1,57440103330.0,,,20.69821989,106.9851877,95
Radar,1702,55727.9,1.72773,62120238,0,0.0,,,20.62785952,107.3081024,2
Radar,1703,26060.6,1.94174,62110587,0,0.0,,,20.62123799,107.0127492,17
Radar,1704,27363.1,2.22866,62121046,0,0.0,,,20.55580752,106.9874376,17
Radar,1705,27107.3,2.72458,62121832,0,0.0,,,20.48346,106.8849389,17
Radar,1706,27067.2,2.78118,62111916,0,0.0,,,20.47857422,106.8711698,22
Radar,1707,19822.0,1.46755,62319872,1,57401499255.0,,,20.72445173,106.9688455,57401499255
Radar,1708,30450.9,1.91574,62120564,0,0.0,,,20.61360288,107.0547072,2
Radar,1709,78399.5,2.34477,62251254,0,0.0,,,20.21382658,107.3179311,2
Radar,1710,33437.2,2.50335,62151495,0,0.0,,,20.46485955,106.9708136,2
Radar,1711,28945.2,2.75981,62151887,0,0.0,,,20.46480282,106.883066,17
Radar,1712,23870.3,2.99881,62192236,0,0.0,,,20.49385249,106.8121199,92
Radar,1713,33835.9,3.0946,62172428,0,0.0,,,20.40248388,106.7947642,2
Radar,1714,26089.8,3.11587,62122466,0,0.0,,,20.47180994,106.7859441,17
Radar,1715,16233.0,1.19031,62269410,0,0.0,,,20.76025453,106.9242437,77
Radar,1716,18523.6,1.44364,62129802,0,0.0,,,20.72720179,106.9559539,2
Radar,1717,184971.0,2.02662,62140720,0,0.0,,,19.97465362,108.3744882,2
Radar,1718,30830.9,2.22939,62131023,0,0.0,,,20.5366006,107.0136579,2
Radar,1719,26291.3,2.31223,62141180,0,0.0,,,20.54659836,106.9657092,2
Radar,1720,5730.75,2.37543,62171294,0,0.0,,,20.66900474,106.8176598,92
Radar,1721,18204.5,2.58481,62131621,0,0.0,,,20.56726702,106.8718879,145
Radar,1722,23291.6,2.8519,62132049,0,0.0,,,20.50558725,106.8433957,17
Radar,1723,26426.1,3.01562,62282316,0,0.0,,,20.47059247,106.811385,2
Radar,1724,19598.6,2.98952,62132282,0,0.0,,,20.53207541,106.808012,67
Radar,1725,27348.6,3.05238,62152335,0,0.0,,,20.46140147,106.8028998,2
Radar,1726,20292.2,3.06584,62162364,0,0.0,,,20.52433567,106.7942482,62
Radar,1727,26653.2,3.26401,62222702,0,0.0,,,20.46846313,106.748244,27
Radar,1728,25848.7,1.61725,62260105,0,0.0,,,20.69531725,107.0274684,25
Radar,1729,25401.9,1.97305,62240653,0,0.0,,,20.61676593,107.0039739,35
Radar,1730,35656.5,2.10947,62140857,0,0.0,,,20.54178352,107.0734339,2
Radar,1731,20901.6,2.31347,62151186,0,0.0,,,20.57912448,106.9273682,17
Radar,1732,17830.6,3.15909,62142576,0,0.0,,,20.54595025,106.776504,12
Radar,1733,29281.7,3.22011,62142647,0,0.0,,,20.44386962,106.7574432,17
Radar,1734,19622.6,1.58017,62300029,0,0.0,,,20.70444771,106.967936,37
Radar,1735,24766.7,2.20311,62151019,0,0.0,,,20.57461029,106.9713608,17
Radar,1736,24450.4,2.28264,62181138,0,0.0,,,20.56262394,106.9572868,57405121620
Radar,1737,33787.4,2.29311,62161124,0,0.0,,,20.5054388,107.0229465,2
Radar,1738,25578.9,2.58872,62231627,0,0.0,,,20.51055434,106.9084967,2
Radar,1739,17330.7,2.79592,62151955,0,0.0,,,20.55962542,106.8358928,20
Radar,1740,25086.5,2.82902,62151994,0,0.0,,,20.4916646,106.8535837,17
Radar,1741,24363.7,2.81055,62191982,0,0.0,,,20.49912149,106.8555488,37
Radar,1742,32902.9,2.96429,62152208,0,0.0,,,20.41516322,106.8352312,2
Radar,1743,28209.1,3.07945,62152402,0,0.0,,,20.45318363,106.7963239,2
Radar,1744,16523.0,1.22492,62319468,1,62.0,,,20.75642023,106.9287804,87
Radar,1745,17389.2,1.38469,62239714,0,0.0,,,20.73500398,106.9436123,40
Radar,1746,38061.1,1.80017,62210374,0,0.0,,,20.62836138,107.1354439,2
Radar,1747,25645.0,1.96509,62170630,0,0.0,,,20.61760122,107.0068825,17
Radar,1748,32408.0,2.01404,62160690,0,0.0,,,20.58124479,107.0606526,2
Radar,1749,31032.6,2.1489,62160983,0,0.0,,,20.5537702,107.0290914,17
Radar,1750,6067.22,2.41621,62311331,0,0.0,,,20.66531873,106.818155,92
Radar,1751,26941.1,2.31184,62161156,0,0.0,,,20.54272583,106.9703796,17
Radar,1752,23803.2,2.35065,62161252,0,0.0,,,20.55574225,106.942033,17
Radar,1753,26332.0,2.48485,62181457,0,0.0,,,20.51876122,106.933892,17
Radar,1754,23721.7,2.93243,62162182,0,0.0,,,20.49764969,106.8268026,17
Radar,1755,34642.3,3.10766,62162435,0,0.0,,,20.39508349,106.7907867,2
Radar,1756,1843.64,2.9879,62222478,0,0.0,,,20.6897336,106.7822105,507
Radar,1757,16823.7,1.30781,62179586,0,0.0,,,20.74538835,106.9355103,245
Radar,1758,26684.1,1.97324,62170623,0,0.0,,,20.61221474,107.0152856,17
Radar,1759,34349.8,2.21383,62171021,0,0.0,,,20.52107455,107.0434933,2
Radar,1760,27717.6,2.40062,62251348,0,0.0,,,20.52239188,106.9591758,50
Radar,1761,25956.0,2.45487,62171440,0,0.0,,,20.52578647,106.9375366,2
Radar,1762,31952.1,2.68162,62171764,0,0.0,,,20.44890321,106.9157179,2
Radar,1763,24160.7,2.74621,62301876,0,0.0,,,20.5058064,106.8688673,77
Radar,1764,25842.8,2.94619,62172195,0,0.0,,,20.47836913,106.8276869,17
Radar,1765,26605.5,3.09276,62172401,0,0.0,,,20.46738473,106.791972,20
Radar,1766,25819.6,3.12617,62182450,0,0.0,,,20.47418723,106.783324,17
Radar,1767,20755.4,3.10309,62182438,0,0.0,,,20.51979011,106.7871726,17
Radar,1768,16183.5,1.13147,62319343,1,17.0,,,20.76793368,106.9201585,65
Radar,1769,16202.7,1.13593,62319349,0,0.0,,,20.76741892,106.9206191,70
Radar,1770,17150.4,1.3224,62319642,1,15.0,,,20.7439766,106.9391476,72
Radar,1771,31824.7,1.8471,62200439,0,0.0,,,20.62811022,107.0735341,2
Radar,1772,26545.9,2.19793,62181002,0,0.0,,,20.5661626,106.9859215,17
Radar,1773,25856.7,2.76851,62271942,0,0.0,,,20.4898049,106.8700071,20
Radar,1774,25844.6,3.00703,62222315,0,0.0,,,20.47603382,106.8127973,45
Radar,1775,27979.8,3.18642,62182567,0,0.0,,,20.45500683,106.7674588,17
Radar,1776,27098.6,3.23428,62182645,0,0.0,,,20.46371515,106.7554136,17
Radar,1777,1920.69,1.16252,62319383,0,0.0,,,20.71295023,106.7964291,95
Radar,1778,15672.2,1.25161,62239503,0,0.0,,,20.75027754,106.922405,25
Radar,1779,18766.6,1.50389,62249895,0,0.0,,,20.71737082,106.9593205,47
Radar,1780,20290.2,1.50181,62209917,0,0.0,,,20.71866411,106.9738921,20
Radar,1781,17874.9,1.4865,62309893,0,0.0,,,20.71961962,106.9505509,40
Radar,1782,25555.6,2.03949,62190714,0,0.0,,,20.6023989,106.998455,2
Radar,1783,16720.0,2.2021,62230985,0,0.0,,,20.61745371,106.909121,75
Radar,1784,20055.8,2.3685,62191287,0,0.0,,,20.5771472,106.9140058,17
Radar,1785,4097.45,2.3965,62211321,0,0.0,,,20.67904531,106.8061806,75
Radar,1786,16343.8,2.43218,62201382,0,0.0,,,20.5947025,106.8817397,17
Radar,1787,33146.1,2.58366,62191614,0,0.0,,,20.45349901,106.9480273,2
Radar,1788,19313.5,2.89363,62252134,0,0.0,,,20.53791112,106.8250212,70
Radar,1789,28649.7,3.12125,62192441,0,0.0,,,20.44878979,106.7850966,2
Radar,1790,30003.9,3.14072,62222500,0,0.0,,,20.43657172,106.7797514,2
Radar,1791,22912.5,1.51721,62199912,0,0.0,,,20.71712416,106.9992228,17
Radar,1792,25966.1,1.62415,62210096,0,0.0,,,20.69366082,107.0285088,2
Radar,1793,28406.1,2.02006,62200726,0,0.0,,,20.59527681,107.0252257,17
Radar,1794,142287.0,2.11858,62290889,0,0.0,,,20.04042835,107.9460067,2
Radar,1795,28699.0,2.28228,62271146,0,0.0,,,20.53776324,106.9882445,17
Radar,1796,5765.5,2.44352,62221283,0,0.0,,,20.66642296,106.8150877,305
Radar,1797,17892.5,2.44326,62201400,0,0.0,,,20.58299419,106.8899763,40
Radar,1798,27212.5,2.74012,62201863,0,0.0,,,20.48108438,106.8816224,2
Radar,1799,24349.6,2.76096,62201903,0,0.0,,,20.50301975,106.8663733,15
Radar,1800,25965.5,2.95574,62202240,0,0.0,,,20.47686582,106.8255775,57
Radar,1801,25218.0,3.00998,62232292,0,0.0,,,20.48152307,106.8112819,2
Radar,1802,20126.3,1.5119,62319950,0,0.0,,,20.71674211,106.9724464,75
Radar,1803,20594.6,1.62847,62210146,0,0.0,,,20.69543608,106.97695,20
Radar,1804,29542.8,1.78907,62260404,0,0.0,,,20.64863204,107.0564806,2
Radar,1805,38664.3,2.01035,62210698,0,0.0,,,20.55830054,107.1155139,2
Radar,1806,34692.7,2.08136,62210831,0,0.0,,,20.55380705,107.0701797,2
Radar,1807,31175.7,2.19334,62231007,0,0.0,,,20.54279906,107.0227268,2
Radar,1808,5680.83,2.28941,62221179,0,0.0,,,20.67250381,106.8205649,52
Radar,1809,26190.8,2.34241,62251254,0,0.0,,,20.54204452,106.9597872,17
Radar,1810,16842.2,2.40618,62211360,0,0.0,,,20.59390632,106.8880122,15
Radar,1811,28881.4,2.69935,62231785,0,0.0,,,20.47161527,106.8982013,17
Radar,1812,29643.6,3.10529,62212463,0,0.0,,,20.43998368,106.7898324,17
Radar,1813,2041.17,2.90963,62212453,0,0.0,,,20.68825503,106.7840063,385
Radar,1814,25706.3,1.96025,62260647,0,0.0,,,20.61842261,107.0078823,2
Radar,1815,26011.8,2.0604,62290792,0,0.0,,,20.59621202,106.9999556,2
Radar,1816,27550.2,2.07066,62230826,0,0.0,,,20.58747825,107.011705,2
Radar,1817,28056.8,2.25936,62221119,0,0.0,,,20.54594821,106.9875519,2
Radar,1818,25273.9,2.24276,62271091,0,0.0,,,20.56476324,106.9694499,2
Radar,1819,26694.4,2.32657,62221231,0,0.0,,,20.54163355,106.9660622,2
Radar,1820,27689.4,2.36472,62261295,0,0.0,,,20.52872331,106.9659192,2
Radar,1821,5604.57,2.37317,62231302,0,0.0,,,20.66990049,106.8169072,80
Radar,1822,31117.4,2.48573,62231464,0,0.0,,,20.48456543,106.9617418,2
Radar,1823,24342.4,2.65102,62261742,0,0.0,,,20.5132188,106.8896366,2
Radar,1824,25937.8,3.10438,62272455,0,0.0,,,20.47325915,106.7887672,17
Radar,1825,32789.9,3.20301,62272616,0,0.0,,,20.41210003,106.7601721,2
Radar,1826,20965.7,1.5767,62320045,1,2.0,,,20.70498813,106.9808392,7
Radar,1827,25886.4,1.81913,62230395,0,0.0,,,20.6489441,107.0204721,2
Radar,1828,185230.0,2.02047,62250734,0,0.0,,,19.98283164,108.3815071,2
Radar,1829,25700.3,2.04027,62280779,0,0.0,,,20.6016511,106.9996077,17
Radar,1830,38247.5,2.06786,62270818,0,0.0,,,20.5422643,107.1023581,2
Radar,1831,25832.7,2.22884,62251058,0,0.0,,,20.56418022,106.9757805,17
Radar,1832,35082.4,2.37585,62271322,0,0.0,,,20.47891913,107.0130041,2
Radar,1833,27714.1,2.42313,62231374,0,0.0,,,20.51867916,106.9546877,17
Radar,1834,27294.0,2.89274,62242097,0,0.0,,,20.46846772,106.8440571,2
Radar,1835,30370.9,2.9046,62262149,0,0.0,,,20.4409007,106.8479772,2
Radar,1836,20434.7,2.97763,62262327,0,0.0,,,20.52499477,106.8115326,2
Radar,1837,27345.2,2.99484,62232281,0,0.0,,,20.46309542,106.8179002,17
Radar,1838,28614.2,3.32876,62232811,0,0.0,,,20.45354466,106.7283672,17
Radar,1839,24437.4,3.3511,62232844,0,0.0,,,20.49137633,106.7306911,17
Radar,1840,16493.1,1.2041,62319447,0,0.0,,,20.75922007,106.9273601,75
Radar,1841,20122.2,1.4201,62239776,0,0.0,,,20.73323688,106.9705521,2
Radar,1842,23011.6,1.50455,62279960,0,0.0,,,20.71978415,107.0000056,32
Radar,1843,6242.61,2.27253,62251183,0,0.0,,,20.66989922,106.8252856,145
Radar,1844,33143.4,2.29356,62311176,1,2.0,,,20.50916297,107.0182116,2
Radar,1845,19516.7,2.37709,62241307,0,0.0,,,20.57956637,106.9092331,22
Radar,1846,19436.6,2.68515,62301791,0,0.0,,,20.54937345,106.861771,20
Radar,1847,30229.8,2.75537,62271901,0,0.0,,,20.45454566,106.8888574,2
Radar,1848,33698.7,2.95246,62242197,0,0.0,,,20.408779,106.8403435,2
Radar,1849,28518.6,2.97324,62302249,0,0.0,,,20.45353615,106.8253903,2
Radar,1850,30843.5,3.04468,62272369,0,0.0,,,20.43032951,106.8081609,2
Radar,1851,28110.2,3.07111,62312429,1,17.0,,,20.4542099,106.7985114,2
Radar,1852,31106.8,3.097,62312454,0,0.0,,,20.42694192,106.7928168,25
Radar,1853,25868.5,3.24645,62242646,0,0.0,,,20.47499672,106.7534984,17
Radar,1854,26600.0,3.27032,62282732,0,0.0,,,20.46912629,106.7467072,45
Radar,1855,2004.97,1.14863,62319364,1,77.0,,,20.71347973,106.7970641,97
Radar,1856,17830.2,1.40646,62319767,0,0.0,,,20.73230354,106.9484241,62
Radar,1857,33061.9,1.85322,62320470,0,0.0,,,20.62333117,107.084429,2
Radar,1858,26295.1,2.09319,62260862,0,0.0,,,20.5882407,106.9983435,17
Radar,1859,18775.7,2.55989,62271562,0,0.0,,,20.56517627,106.8785715,17
Radar,1860,29949.8,2.64815,62251745,0,0.0,,,20.46915236,106.9157347,17
Radar,1861,25165.7,2.81207,62272008,0,0.0,,,20.49219677,106.8577046,17
Radar,1862,46561.2,3.47569,62263052,0,0.0,,,20.31096276,106.632873,2
Radar,1863,38197.1,1.81739,62260404,0,0.0,,,20.62234154,107.1352267,2
Radar,1864,32407.2,1.97133,62260667,0,0.0,,,20.59259042,107.0660882,2
Radar,1865,34118.3,2.03601,62260782,0,0.0,,,20.56860504,107.0723317,17
Radar,1866,17386.7,2.03352,62320745,0,0.0,,,20.6363803,106.9289132,65
Radar,1867,25055.1,2.20496,62261075,0,0.0,,,20.57274349,106.9733316,17
Radar,1868,28362.0,2.49728,62271499,0,0.0,,,20.50240091,106.9431003,17
Radar,1869,27000.4,2.75269,62261925,0,0.0,,,20.48166446,106.8778183,17
Radar,1870,29724.5,3.00428,62272269,0,0.0,,,20.44159483,106.8185738,35
Radar,1871,28890.2,3.07151,62292413,0,0.0,,,20.44721318,106.7989282,17
Radar,1872,28511.5,3.13533,62262562,0,0.0,,,20.44998303,106.7812148,17
Radar,1873,26442.7,3.16385,62272594,0,0.0,,,20.46862111,106.7738484,2
Radar,1874,16412.0,1.2285,62319481,1,92.0,,,20.75558532,106.9279679,92
Radar,1875,2285.81,1.22409,62319496,1,167.0,,,20.71307739,106.8001454,255
Radar,1876,19234.7,1.44726,62289825,0,0.0,,,20.72739128,106.9628114,17
Radar,1877,34304.2,1.68507,62270202,0,0.0,,,20.67096219,107.1067894,2
Radar,1878,156485.0,1.78034,62300353,0,0.0,,,20.41369069,108.2494209,2
Radar,1879,32712.5,1.99187,62300685,0,0.0,,,20.58598748,107.0662113,2
Radar,1880,33419.7,2.21666,62301006,0,0.0,,,20.52540535,107.0357994,2
Radar,1881,25056.8,2.31596,62271208,0,0.0,,,20.55346958,106.9563584,17
Radar,1882,20455.7,2.54682,62271578,0,0.0,,,20.55389947,106.8895721,17
Radar,1883,4511.9,2.53593,62311615,0,0.0,,,20.67277853,106.8041679,82
Radar,1884,31503.5,2.76078,62271872,0,0.0,,,20.4433738,106.8919472,2
Radar,1885,25365.8,2.7268,62281887,0,0.0,,,20.49755906,106.8776703,17
Radar,1886,32500.4,2.91209,62272155,0,0.0,,,20.42180043,106.8505041,45
Radar,1887,32666.8,3.02057,62312341,0,0.0,,,20.41479687,106.8173738,17
Radar,1888,16535.4,1.26112,62299495,0,0.0,,,20.75136742,106.930743,52
Radar,1889,42438.3,1.9372,62290597,0,0.0,,,20.5695212,107.1600007,2
Radar,1890,26254.5,2.23398,62321103,1,17.0,,,20.56090572,106.9781902,65
Radar,1891,6002.42,2.46979,62301323,0,0.0,,,20.66389644,106.8153774,30
Radar,1892,26819.1,2.37426,62311294,0,0.0,,,20.53269497,106.9582996,35
Radar,1893,32983.5,2.68656,62281795,0,0.0,,,20.43995448,106.9187111,2
Radar,1894,27923.5,2.76089,62291913,0,0.0,,,20.47321927,106.8791415,17
Radar,1895,20632.0,1.56674,62320024,0,0.0,,,20.7068518,106.9776364,30
Radar,1896,24371.2,1.62208,62290114,0,0.0,,,20.69487743,107.0132395,17
Radar,1897,25893.8,1.96633,62290635,0,0.0,,,20.6164764,107.0089699,2
Radar,1898,27405.0,2.02402,62320745,1,2.0,,,20.59830519,107.0161113,2
Radar,1899,33677.6,2.31365,62291189,0,0.0,,,20.50147121,107.0177126,2
Radar,1900,5950.71,2.33435,62311238,0,0.0,,,20.66913563,106.8207822,72
Radar,1901,6050.26,2.29427,62311213,1,120.0,,,20.67012062,106.823049,152
Radar,1902,6398.94,2.31268,62311274,0,0.0,,,20.66726043,106.8248021,7
Radar,1903,34508.9,3.04078,62312366,1,2.0,,,20.39767664,106.8128531,2
Radar,1904,16516.7,1.28305,62299481,0,0.0,,,20.7482066,106.9315956,15
Radar,1905,25665.3,1.61529,62320092,1,17.0,,,20.69584518,107.025731,2
Radar,1906,18870.4,1.88944,62320551,0,0.0,,,20.65299457,106.9515982,17
Radar,1907,183089.0,2.09979,62320867,0,0.0,,,19.87607326,108.2974525,2
Radar,1908,35164.3,2.12909,62300899,0,0.0,,,20.53876325,107.065922,2
Radar,1909,25879.5,2.36735,62301306,0,0.0,,,20.53988936,106.9532673,17
Radar,1910,25948.4,2.85069,62312077,0,0.0,,,20.48279612,106.850973,2
Radar,1911,29273.6,2.97495,62312260,1,2.0,,,20.44677482,106.8261312,2
Radar,1912,27765.7,3.07835,62312430,1,2.0,,,20.45717625,106.7963522,2
Radar,1913,26745.6,3.14023,62312546,0,0.0,,,20.46584151,106.77985,2
Radar,1914,17228.5,1.35726,62319681,0,0.0,,,20.73889748,106.9411949,90
Radar,1915,26224.2,1.88777,62320544,0,0.0,,,20.63267308,107.0187963,17
Radar,1916,27147.7,2.05225,62320796,0,0.0,,,20.5931712,107.0105742,2
Radar,1917,25543.2,2.28391,62311165,1,17.0,,,20.55599081,106.9650292,17
Radar,1918,4180.93,2.57927,62311625,0,0.0,,,20.67432542,106.8009068,70
Radar,1919,34386.1,2.66179,62311771,0,0.0,,,20.43208429,106.931933,2
Radar,1920,28589.5,2.68106,62311810,0,5741039280.0,,,20.47603417,106.9015202,57410392817
Radar,1921,34597.8,3.089,62312445,0,0.0,,,20.39573383,106.7969663,2
Radar,1922,16682.5,1.22198,62319496,0,0.0,,,20.75732026,106.9300611,42
Radar,1923,23976.3,2.06136,62320807,0,0.0,,,20.60462865,106.9826002,17
Radar,1924,26259.1,2.14209,62320933,0,0.0,,,20.57855023,106.9916322,17
Radar,1925,33149.5,2.36134,62311294,0,0.0,,,20.49445306,107.0034455,17
Radar,1926,40500.9,2.3739,62311309,0,0.0,,,20.4443231,107.0496152,2
Radar,1927,28703.1,2.39787,62311351,0,0.0,,,20.51633948,106.9661228,47
Radar,1928,31121.4,2.39356,62311351,1,2.0,,,20.50116942,106.9827923,2
Radar,1929,33128.8,2.42688,62311422,0,0.0,,,20.48132841,106.9880158,2
Radar,1930,25556.4,2.58958,62311655,0,0.0,,,20.51062274,106.9082035,17
Radar,1931,24699.2,2.80497,62312005,0,0.0,,,20.49667697,106.8578465,17
Radar,1932,26458.4,3.15194,62312535,0,0.0,,,20.46843396,106.7768709,47
Radar,1933,28587.0,3.15506,62312566,0,0.0,,,20.44932307,106.7758029,2
Radar,1934,17623.7,1.13246,62319343,1,22.0,,,20.7732945,106.9327471,22
Radar,1935,34877.3,2.03309,62320757,0,0.0,,,20.56636453,107.0792836,2
Radar,1936,67515.1,2.15061,62320956,1,17.0,,,20.37382038,107.3219091,2
Radar,1937,18198.7,2.388,62311340,0,0.0,,,20.58688392,106.8990886,30
Radar,1938,31500.1,2.40813,62311382,0,0.0,,,20.49589348,106.9820135,2
Radar,1939,24812.7,2.407,62311402,0,0.0,,,20.54068857,106.9392202,2
Radar,1940,26376.8,2.52293,62311545,0,0.0,,,20.51307102,106.9264049,17
Radar,1941,17525.4,2.9248,62312183,0,0.0,,,20.5523525,106.8157019,10
Radar,1942,29961.0,2.90596,62312152,0,0.0,,,20.44439426,106.8466726,2
Radar,1943,28430.2,2.95427,62312230,0,0.0,,,20.45517607,106.8303457,2
Radar,1944,33095.0,2.97018,62312260,1,17.0,,,20.41316085,106.8337129,2
Radar,1945,46893.3,3.05625,62312396,0,0.0,,,20.28638537,106.8178863,2
Radar,1946,25536.8,3.11073,62312484,0,0.0,,,20.47680932,106.7870676,17
Radar,1947,24974.2,3.0937,62312454,1,17.0,,,20.48201121,106.7909821,17
Radar,1948,23653.9,3.14317,62312546,0,0.0,,,20.49361464,106.7791417,17
Radar,1949,26464.1,3.17421,62312596,0,0.0,,,20.46849648,106.7712119,17
Radar,1950,54345.7,3.46085,62313033,0,0.0,,,20.24257552,106.615694,2
Radar,1951,16365.8,1.16531,62319400,0,0.0,,,20.76409269,106.9239232,35
Radar,1952,27717.1,1.61749,62320132,1,47.0,,,20.69447816,107.0453892,80
Radar,1953,24908.2,1.8464,62320470,0,0.0,,,20.64521053,107.0096769,2
Radar,1954,32920.4,1.88463,62320550,1,2.0,,,20.61480671,107.0802072,2
Radar,1955,35374.0,2.17489,62320975,0,0.0,,,20.52560223,107.0590887,2
Radar,1956,26692.8,2.17824,62321020,0,5741235610.0,,,20.56923818,106.9899853,5741235610
Radar,1957,36002.4,2.21463,62321050,0,0.0,,,20.51196582,107.0560283,2
Radar,1958,21831.8,2.24229,62321089,0,0.0,,,20.58408431,106.9436416,17
Radar,1959,24612.1,2.2374,62321089,0,0.0,,,20.56939356,106.965262,2
Radar,1960,4113.24,2.3952,62311391,0,0.0,,,20.67897364,106.8063211,307
Radar,1961,33546.5,2.45322,62311443,0,0.0,,,20.47337165,106.9841632,2
Radar,1962,24932.1,2.49082,62311503,1,17.0,,,20.52790761,106.9245493,17
Radar,1963,25865.0,2.84489,62312036,0,0.0,,,20.4839041,106.8521222,62
Radar,1964,29532.4,3.14661,62312535,0,0.0,,,20.44081049,106.778077,2
Radar,1965,16210.5,3.23412,62312670,0,0.0,,,20.56110217,106.7651162,62
Radar,1966,32973.5,1.85984,62320491,0,0.0,,,20.6216711,107.0830228,17
Radar,1967,19229.1,2.10004,62320933,0,0.0,,,20.61888836,106.9389011,17
Radar,1968,38858.3,2.13469,62320956,0,0.0,,,20.51952951,107.0948986,2
Radar,1969,35322.3,2.38956,62312993,1,2.0,,,20.47437219,107.0112263,2
Radar,1970,5874.97,2.38112,62313014,1,175.0,,,20.6678636,106.8183882,175
Radar,1971,26589.9,2.82483,62313688,1,10.0,,,20.47912353,106.8590408,10
Radar,1972,27229.9,2.87583,62313784,1,17.0,,,20.47007839,106.8481819,17
Radar,1973,34792.3,2.98628,62313984,1,2.0,,,20.3973189,106.8311855,2
Radar,1974,23619.9,3.24514,62314375,1,35.0,,,20.49505629,106.7560541,35
